Temperature (C),Apparent Temperature (C),Humidity,Wind Speed (km/h),Pressure (millibars)
9.472222222,7.388888889,0.89,14.1197,1015.13
9.355555556,7.227777778,0.86,14.2646,1015.63
9.377777778,9.377777778,0.89,3.9284,1015.94
8.288888889,5.944444444,0.83,14.1036,1016.41
8.755555556,6.977777778,0.83,11.0446,1016.51
9.222222222,7.111111111,0.85,13.9587,1016.66
7.733333333,5.522222222,0.95,12.3648,1016.72
8.772222222,6.527777778,0.89,14.1519,1016.84
10.82222222,10.82222222,0.82,11.3183,1017.37
13.77222222,13.77222222,0.72,12.5258,1017.22
16.01666667,16.01666667,0.67,17.5651,1017.42
17.14444444,17.14444444,0.54,19.7869,1017.74
17.8,17.8,0.55,21.9443,1017.59
17.33333333,17.33333333,0.51,20.6885,1017.48
18.87777778,18.87777778,0.47,15.3755,1017.17
18.91111111,18.91111111,0.46,10.4006,1016.47
15.38888889,15.38888889,0.6,14.4095,1016.15
15.55,15.55,0.63,11.1573,1016.17
14.25555556,14.25555556,0.69,8.5169,1015.82
13.14444444,13.14444444,0.7,7.6314,1015.83
11.55,11.55,0.77,7.3899,1015.85
11.18333333,11.18333333,0.76,4.9266,1015.77
10.11666667,10.11666667,0.79,6.6493,1015.4
10.2,10.2,0.77,3.9284,1015.51
10.42222222,10.42222222,0.62,16.9855,1014.4
9.911111111,7.566666667,0.66,17.2109,1014.2
11.18333333,11.18333333,0.8,10.8192,1008.71
7.155555556,5.044444444,0.79,11.0768,1014.47
6.111111111,4.816666667,0.82,6.6493,1014.45
6.788888889,4.272222222,0.83,13.0088,1014.49
7.261111111,5.155555556,0.85,11.1734,1014.52
7.8,5.527777778,0.83,12.8156,1014.16
9.872222222,7.933333333,0.78,13.7494,1014.24
12.22222222,12.22222222,0.72,15.6331,1014.25
15.09444444,15.09444444,0.61,17.549,1013.96
17.35555556,17.35555556,0.52,22.7815,1013.85
19.00555556,19.00555556,0.46,23.8924,1013.04
20.04444444,20.04444444,0.4,28.3682,1012.22
21.05,21.05,0.4,26.9031,1011.44
21.18333333,21.18333333,0.37,25.6956,1010.52
20.11666667,20.11666667,0.4,25.3092,1009.83
20.21666667,20.21666667,0.36,18.1125,1009.26
20,20,0.43,23.4255,1008.76
17.8,17.8,0.5,20.0445,1008.36
16.06111111,16.06111111,0.53,21.3969,1008.11
15.02222222,15.02222222,0.55,21.3808,1008.15
14.42222222,14.42222222,0.58,20.0123,1007.85
14.25555556,14.25555556,0.59,16.5025,1007.89
13.77222222,13.77222222,0.6,17.0982,1007.36
13.28333333,13.28333333,0.63,14.3612,1007.26
8.633333333,5.466666667,0.87,22.0409,1005.1
11.25,11.25,0.83,11.3344,1007.01
11.18333333,11.18333333,0.89,11.2056,1006.73
10.69444444,10.69444444,0.95,10.4006,1006.59
11.11111111,11.11111111,0.93,12.0106,1006.34
11.11111111,11.11111111,0.93,9.2092,1006.09
12.16666667,12.16666667,0.82,9.9015,1005.97
12.75555556,12.75555556,0.79,13.8299,1005.63
13.83888889,13.83888889,0.84,9.0965,1005.83
16.18333333,16.18333333,0.73,0.644,1005.97
17.51666667,17.51666667,0.67,0.6762,1005.64
17.38333333,17.38333333,0.67,3.864,1005.2
17.36111111,17.36111111,0.71,7.8246,1005.1
17.20555556,17.20555556,0.74,15.5848,1004.65
15.63333333,15.63333333,0.81,23.6992,1004.04
13.57777778,13.57777778,0.9,20.9622,1004.08
10.91111111,10.91111111,0.86,22.3951,1004.61
8.8,5.294444444,0.99,26.5006,1004.99
8.961111111,5.777777778,0.93,23.2162,1004.85
8.2,4.605555556,0.96,25.4219,1004.96
7.688888889,3.722222222,0.96,28.1267,1005.14
7.766666667,4.65,0.96,19.2878,1005.05
8.2,5.072222222,0.96,20.447,1004.8
8.177777778,4.372222222,0.93,27.8691,1004.89
7.311111111,6.183333333,0.82,6.7459,1007
7.644444444,5.038888889,0.93,14.9086,1004.3
6.622222222,2.616666667,0.93,25.0355,1003.68
6.683333333,3.222222222,0.93,19.8352,1003.86
6.088888889,1.65,0.93,28.0945,1003.57
6.066666667,1.633333333,0.93,27.9818,1003.96
6.144444444,1.494444444,0.93,30.8637,1004.1
7.133333333,2.688888889,0.8,32.1678,1004.26
7.205555556,3.233333333,0.86,26.5328,1004.18
7.566666667,3.544444444,0.84,28.336,1004.23
8.9,5.161111111,0.77,29.8333,1004.47
9.961111111,6.644444444,0.71,28.4809,1004.52
9.888888889,6.55,0.71,28.5131,1004.29
11.06666667,11.06666667,0.71,25.6956,1003.93
10.11666667,10.11666667,0.76,25.3414,1004
11.03888889,11.03888889,0.66,21.413,1004.3
10.65,10.65,0.7,17.8549,1004
10.05,10.05,0.7,15.1984,1004.39
9.9,7.716666667,0.66,15.7297,1005.48
8.794444444,6.816666667,0.71,12.3648,1005.89
7.827777778,5.405555556,0.72,13.8943,1006.37
7.855555556,6.122222222,0.72,9.8049,1006.56
7.316666667,6.211111111,0.75,6.6654,1007.07
7.244444444,6.005555556,0.75,7.1162,1007.37
5.438888889,5.438888889,0.88,3.7191,1012.23
7.2,4.55,0.76,14.4739,1007.28
6.688888889,3.161111111,0.7,20.5275,1007.18
6.211111111,2.694444444,0.73,19.3039,1007.39
6.111111111,2.8,0.76,17.4363,1007.67
6.111111111,2.438888889,0.76,20.4148,1007.98
6.172222222,2.922222222,0.76,17.0499,1008.57
7.222222222,3.833333333,0.71,20.5114,1008.87
7.288888889,4.244444444,0.73,17.6456,1009.44
7.405555556,4.816666667,0.72,14.4095,1010.03
7.961111111,6.072222222,0.7,10.7548,1010.22
8.033333333,7.583333333,0.7,4.8622,1010.39
9.077777778,9.077777778,0.65,2.3828,1010.24
9.05,9.05,0.62,0.322,1010
9.05,9.05,0.65,3.2522,1009.98
9.183333333,9.183333333,0.65,3.0107,1010.05
9.072222222,7.455555556,0.7,10.465,1010.1
7.983333333,6.811111111,0.75,7.3416,1010.39
8.072222222,6.433333333,0.75,9.5151,1010.91
7.894444444,6.127777778,0.82,9.9981,1011.32
7.311111111,4.805555556,0.83,13.685,1011.61
7.338888889,5.183333333,0.84,11.5437,1011.97
6.622222222,4.111111111,0.85,12.719,1012.22
6.066666667,3.411111111,0.88,12.8961,1012.74
8.338888889,8.338888889,0.88,0.6923,1015.35
5.183333333,4.111111111,0.91,5.5384,1013.29
3.722222222,2.566666667,0.94,5.2003,1013.39
4.855555556,3.705555556,0.93,5.6189,1013.45
5.211111111,5.211111111,0.92,4.7656,1013.4
6.255555556,4.638888889,0.92,7.9212,1013.81
7.794444444,6.055555556,0.87,9.7566,1014.7
10.05,10.05,0.76,9.6922,1014.67
12.2,12.2,0.66,14.49,1014.66
12.7,12.7,0.63,20.3343,1014.8
13.93333333,13.93333333,0.58,23.5865,1014.47
15.09444444,15.09444444,0.59,22.2985,1014.16
15.15,15.15,0.5,14.7154,1014.07
16.17777778,16.17777778,0.44,14.49,1013.34
16.25,16.25,0.55,14.7154,1012.72
16.29444444,16.29444444,0.5,19.5937,1012.38
16.1,16.1,0.56,14.8281,1012.38
12.95555556,12.95555556,0.68,11.9784,1012.72
13.85,13.85,0.64,11.5598,1013.42
12.77777778,12.77777778,0.69,14.2485,1014.41
12.15,12.15,0.72,11.2539,1014.89
10.67777778,10.67777778,0.81,5.7799,1014.91
10.44444444,10.44444444,0.83,2.6404,1014.75
9.822222222,9.466666667,0.8,5.313,1015.55
11.02777778,11.02777778,0.74,11.3827,1015.7
7.138888889,7.138888889,0.93,3.6547,1016.43
7.622222222,5.644444444,0.89,10.8675,1016.56
7.627777778,6.611111111,0.86,6.5205,1017.15
7.044444444,4.855555556,0.86,11.3988,1017.37
8.6,7.038888889,0.84,9.66,1018.25
9.65,7.383333333,0.84,15.9551,1019.24
12.10555556,12.10555556,0.72,13.1698,1019.83
12.77777778,12.77777778,0.71,13.1698,1020.51
13.81111111,13.81111111,0.65,9.6761,1020.91
16.01666667,16.01666667,0.48,11.2378,1020.6
17.12777778,17.12777778,0.47,12.7029,1020.39
17.14444444,17.14444444,0.43,10.6099,1020.34
17.77777778,17.77777778,0.4,7.9534,1019.7
17.77777778,17.77777778,0.37,2.5921,1018.89
17.80555556,17.80555556,0.43,11.0124,1018.48
16.15555556,16.15555556,0.52,9.1931,1017.87
14.05,14.05,0.63,9.1609,1017.56
13.08888889,13.08888889,0.67,9.2736,1017.38
12.28888889,12.28888889,0.72,9.4507,1017.58
12.77777778,12.77777778,0.66,11.0768,1017.65
12.72777778,12.72777778,0.67,13.3791,1017.36
12.26666667,12.26666667,0.69,14.1358,1016.8
11.71111111,11.71111111,0.71,11.3183,1016.64
10.82777778,10.82777778,0.86,9.177,1013.13
12.2,12.2,0.59,14.168,1014.79
12.2,12.2,0.6,14.2968,1014.25
11.68888889,11.68888889,0.68,13.8299,1013.95
11.20555556,11.20555556,0.77,14.007,1013.63
11.13333333,11.13333333,0.77,15.4882,1013.27
11.43888889,11.43888889,0.77,13.8782,1013.56
13.03333333,13.03333333,0.81,14.4578,1012.85
17.24444444,17.24444444,0.62,25.0194,1012.15
17.73888889,17.73888889,0.53,27.37,1011.71
17.84444444,17.84444444,0.56,22.218,1011.28
18.86111111,18.86111111,0.56,23.5382,1010.99
18.66666667,18.66666667,0.56,19.8996,1010.93
17.82222222,17.82222222,0.56,17.5007,1010.7
17.8,17.8,0.59,17.6939,1010.52
17.35,17.35,0.57,19.5615,1010.69
16.06666667,16.06666667,0.67,21.8155,1010.86
14.93333333,14.93333333,0.73,17.2753,1011.14
13.92222222,13.92222222,0.78,11.7691,1011.64
12.75555556,12.75555556,0.84,11.0446,1012.02
12.75555556,12.75555556,0.84,11.0607,1012.21
12.37222222,12.37222222,0.86,7.2933,1012.33
11.18333333,11.18333333,0.93,6.923,1012.6
11.66666667,11.66666667,0.9,11.1734,1012.8
8.977777778,7.366666667,0.95,10.3201,1012.66
10.57777778,10.57777778,0.93,11.1734,1012.32
10.53333333,10.53333333,0.89,14.007,1012.33
10.58888889,10.58888889,0.87,7.2933,1012.55
9.983333333,9.283333333,0.89,6.7298,1012.71
11.02222222,11.02222222,0.86,7.889,1013.01
13.53888889,13.53888889,0.75,11.8657,1013.23
13.88888889,13.88888889,0.68,20.0123,1013.31
15,15,0.67,17.5812,1013.4
17.18333333,17.18333333,0.57,15.9551,1013.27
16.2,16.2,0.62,16.3093,1013.02
17.75,17.75,0.56,17.7744,1013.03
18.40555556,18.40555556,0.54,19.0785,1012.55
17.82222222,17.82222222,0.59,17.5973,1012.03
17.31111111,17.31111111,0.57,20.3343,1011.81
17.50555556,17.50555556,0.55,13.7172,1011.33
17.26666667,17.26666667,0.54,14.3773,1011.2
15.13888889,15.13888889,0.61,10.8997,1011.5
13.25,13.25,0.69,4.7173,1011.76
12.29444444,12.29444444,0.72,4.669,1012.01
10.7,10.7,0.79,3.5742,1012.31
9.855555556,9.388888889,0.85,5.7477,1012.51
9.522222222,7.861111111,0.88,11.27,1012.52
8.405555556,8.405555556,0.92,3.1234,1012.61
13.01111111,13.01111111,0.82,9.6278,1011.27
7.733333333,7.733333333,0.96,3.4293,1012.54
6.138888889,6.138888889,0.96,3.3488,1012.44
6.472222222,6.472222222,0.95,2.9946,1012.62
6.627777778,6.627777778,0.96,3.3005,1012.75
8.688888889,8.688888889,0.93,1.4329,1012.96
11.99444444,11.99444444,0.81,2.415,1013.38
13.76666667,13.76666667,0.78,4.1538,1013.14
15.08888889,15.08888889,0.77,7.3738,1013.33
16.45555556,16.45555556,0.68,7.8085,1013.56
17.31111111,17.31111111,0.62,7.3738,1013.61
17.87222222,17.87222222,0.64,8.372,1013.11
19.03888889,19.03888889,0.47,7.0679,1012.69
18.97777778,18.97777778,0.51,10.8675,1012.2
19.00555556,19.00555556,0.55,4.8139,1011.7
19.01111111,19.01111111,0.53,4.7978,1011.4
17.86666667,17.86666667,0.64,10.9319,1011.32
17.26666667,17.26666667,0.62,10.8514,1011.23
16.18888889,16.18888889,0.61,5.0876,1011.5
14.88333333,14.88333333,0.72,9.177,1012.05
14.32777778,14.32777778,0.75,10.9319,1012.15
14.51111111,14.51111111,0.75,6.3756,1012.09
14.37222222,14.37222222,0.75,6.5366,1011.83
14.87777778,14.87777778,0.72,14.2163,1011.45
10.40555556,10.40555556,0.92,3.6064,1012.05
12.82222222,12.82222222,0.83,8.4364,1011.18
12.8,12.8,0.85,14.4256,1010.07
12.82777778,12.82777778,0.86,13.8943,1009.83
12.26666667,12.26666667,0.85,15.778,1009.8
12.26666667,12.26666667,0.85,15.5848,1009.99
12.18333333,12.18333333,0.82,12.3809,1010.21
12.17222222,12.17222222,0.8,20.3826,1010.41
12.71111111,12.71111111,0.83,22.0892,1010.33
15.60555556,15.60555556,0.78,22.3468,1010.43
16.02222222,16.02222222,0.78,18.0642,1010.29
17.2,17.2,0.67,17.6456,1010.1
17.21666667,17.21666667,0.71,14.0875,1009.96
17.82777778,17.82777778,0.69,13.4113,1009.86
17.82777778,17.82777778,0.69,14.6188,1009.47
17.73333333,17.73333333,0.69,9.2414,1009.63
16.27222222,16.27222222,0.71,23.0713,1009.39
13.16666667,13.16666667,0.93,3.7674,1011.07
13.25555556,13.25555556,0.93,3.1395,1011.23
13.01111111,13.01111111,0.93,10.3362,1011.35
12.45555556,12.45555556,0.91,5.796,1011.67
12.48888889,12.48888889,0.9,9.8854,1011.76
9.555555556,8.85,0.8,6.4883,1015.68
10.62222222,10.62222222,0.79,14.0231,1015.41
8.722222222,8.722222222,0.93,4.5724,1014.98
10.53333333,10.53333333,0.77,10.7709,1015.18
9.444444444,8.705555556,0.83,6.5366,1014.7
9.888888889,9.327777778,0.83,6.0858,1014.64
10.36666667,10.36666667,0.78,10.7065,1014.31
8.888888889,7.233333333,0.89,10.4972,1014.63
9.977777778,8.994444444,0.84,8.0017,1014.82
12.2,12.2,0.73,2.4633,1014.82
13.96111111,13.96111111,0.67,9.3058,1015
14.94444444,14.94444444,0.67,7.1645,1014.9
16.18333333,16.18333333,0.71,11.753,1014.35
16.36666667,16.36666667,0.61,7.1323,1014.51
17.37222222,17.37222222,0.57,3.6225,1014.32
17.67222222,17.67222222,0.51,1.7549,1013.93
17.72222222,17.72222222,0.53,8.6779,1013.45
16.23888889,16.23888889,0.61,2.8336,1013.43
14.06666667,14.06666667,0.71,9.2414,1013.58
13.95555556,13.95555556,0.76,7.4221,1013.24
12.28888889,12.28888889,0.8,3.542,1013.7
10.02222222,10.02222222,0.86,3.1073,1014.14
9.377777778,8.65,0.86,6.44,1014.34
9.416666667,9.416666667,0.9,4.6046,1014.6
11.82777778,11.82777778,0.92,3.0268,1011.68
10.76111111,10.76111111,0.91,5.1681,1011.98
12.15555556,12.15555556,0.95,2.8497,1015.64
9.672222222,9.188888889,0.94,5.7155,1012.26
8.15,7.15,0.94,6.762,1012.63
10.2,10.2,0.95,5.6189,1012.62
10.11666667,10.11666667,0.99,2.254,1012.85
10.16111111,10.16111111,0.99,0.3381,1013.61
11.24444444,11.24444444,0.98,2.7531,1013.9
12.24444444,12.24444444,0.99,2.254,1014.31
13.91111111,13.91111111,0.92,8.0983,1014.43
15.61666667,15.61666667,0.82,2.2862,1014.73
15.07222222,15.07222222,0.86,3.2844,1014.92
15.07222222,15.07222222,0.82,7.5992,1014.73
14.26666667,14.26666667,0.87,10.5616,1014.92
16.01666667,16.01666667,0.81,6.6654,1014.76
15.02777778,15.02777778,0.86,7.7119,1014.37
13.94444444,13.94444444,0.89,7.2772,1014.83
12.91666667,12.91666667,0.95,11.4793,1015.11
12.89444444,12.89444444,0.95,5.2808,1015.14
12.4,12.4,0.98,2.3506,1015.5
12.26666667,12.26666667,0.99,8.05,1015.76
12.22222222,12.22222222,0.96,6.1985,1016.35
11.25,11.25,0.96,2.7692,1016.38
11.52777778,11.52777778,0.96,3.1556,1016.43
11.53888889,11.53888889,0.96,5.9892,1016.56
9.438888889,8.85,0.96,5.9731,1017.23
11.43888889,11.43888889,0.96,6.279,1016.17
11.39444444,11.39444444,0.96,6.44,1016.25
11.52777778,11.52777778,0.96,6.4239,1016.13
11.95,11.95,0.93,4.83,1016.17
11.97222222,11.97222222,1,9.66,1016.45
12.63333333,12.63333333,0.96,7.6636,1016.94
12.75555556,12.75555556,0.96,7.9695,1017.06
13.84444444,13.84444444,0.9,7.9212,1017.45
13.17222222,13.17222222,0.94,10.3845,1017.77
15.06666667,15.06666667,0.86,8.1466,1017.73
17.24444444,17.24444444,0.75,7.1645,1017.53
16.31666667,16.31666667,0.76,13.3469,1017.31
17.38333333,17.38333333,0.74,13.6206,1016.82
15.27222222,15.27222222,0.76,8.2754,1016.6
17.45555556,17.45555556,0.72,5.2808,1016.39
16.22222222,16.22222222,0.77,11.1573,1016.33
15.08333333,15.08333333,0.82,3.6869,1016.52
13.99444444,13.99444444,0.88,1.1431,1016.81
12.17222222,12.17222222,0.92,0.6601,1017.34
11.08888889,11.08888889,0.95,4.8461,1017.54
11.09444444,11.09444444,0.95,3.381,1017.43
9.883333333,9.883333333,0.96,3.3649,1017.65
9.355555556,8.633333333,0.96,6.4239,1017.56
9.861111111,9.861111111,0.96,3.2361,1016.16
8.272222222,8.272222222,0.99,3.3166,1017.16
8.866666667,8.866666667,0.96,2.6243,1017.15
8.816666667,8.816666667,0.96,3.9445,1017.28
7.155555556,7.155555556,1,1.8515,1017.15
8.85,8.85,0.99,3.4776,1017.36
11.17777778,11.17777778,0.93,2.8819,1017.7
12.38888889,12.38888889,0.98,3.4293,1017.72
14.14444444,14.14444444,0.88,4.8783,1017.82
17.1,17.1,0.72,3.059,1017.77
18.93888889,18.93888889,0.64,4.2021,1017.3
17.91666667,17.91666667,0.68,4.0894,1016.9
19.98333333,19.98333333,0.53,1.2236,1016.4
20.07222222,20.07222222,0.62,9.0643,1015.9
20.07222222,20.07222222,0.56,9.4829,1015.29
20.08333333,20.08333333,0.58,7.4865,1014.9
19.08888889,19.08888889,0.63,9.1287,1014.68
17.45,17.45,0.62,7.567,1014.78
15.56666667,15.56666667,0.74,0.5152,1015.04
12.49444444,12.49444444,0.91,3.9445,1015.51
12.24444444,12.24444444,0.89,1.5295,1015.72
11.41666667,11.41666667,0.92,2.9624,1015.79
10.55555556,10.55555556,0.95,6.0375,1015.83
10.46666667,10.46666667,0.93,3.0751,1015.95
10.25,10.25,0.95,5.2969,1017.13
9.355555556,9.355555556,0.96,1.5295,1015.82
8.311111111,8.311111111,0.96,3.22,1015.82
8.811111111,8.811111111,0.96,3.3971,1015.89
8.733333333,7.933333333,0.93,6.3434,1015.83
11.93333333,11.93333333,0.93,11.27,1016.12
14.51666667,14.51666667,0.84,1.7066,1016.23
18.73333333,18.73333333,0.68,3.22,1016.23
20.02777778,20.02777778,0.6,7.245,1016.38
21.03888889,21.03888889,0.55,6.4883,1016.66
20.73888889,20.73888889,0.46,6.5044,1016.58
22.31666667,22.31666667,0.48,7.5348,1016.27
22.11111111,22.11111111,0.5,6.4561,1015.96
22.73333333,22.73333333,0.38,1.0143,1015.34
22.77777778,22.77777778,0.37,5.1842,1014.7
21.21666667,21.21666667,0.41,7.2772,1015.2
20.18333333,20.18333333,0.45,1.4812,1014.87
18.01111111,18.01111111,0.68,0.322,1014.78
17.42222222,17.42222222,0.65,0.5313,1015.54
13.96111111,13.96111111,0.82,0,1016.01
13.28888889,13.28888889,0.89,2.8819,1016.52
12.32222222,12.32222222,0.89,2.4794,1016.96
11.11666667,11.11666667,0.95,3.1717,1017.04
10.53333333,10.53333333,0.95,11.27,1017.33
12.38333333,12.38333333,0.8,4.6207,1019.59
9.861111111,9.861111111,0.96,3.0751,1017.25
8.872222222,8.872222222,0.95,1.5295,1017.42
8.672222222,8.672222222,0.94,3.6386,1017.74
7.688888889,7.688888889,1,0,1018.13
10.91111111,10.91111111,0.99,1.61,1018.62
14.83888889,14.83888889,0.82,2.6565,1019.08
18.8,18.8,0.65,1.5295,1019.11
21.09444444,21.09444444,0.49,4.8783,1019.5
22.02777778,22.02777778,0.49,4.2826,1019.86
22.82777778,22.82777778,0.47,3.6225,1019.79
22.91666667,22.91666667,0.37,4.5563,1019.47
23.91666667,23.91666667,0.37,6.2951,1019.25
23.91111111,23.91111111,0.4,2.5599,1018.89
23.93333333,23.93333333,0.37,4.347,1018.6
23.91666667,23.91666667,0.32,1.1753,1018.67
22.82222222,22.82222222,0.44,3.1234,1018.59
21.22777778,21.22777778,0.48,0.4025,1018.67
19.07777778,19.07777778,0.51,2.6887,1019.22
17.06111111,17.06111111,0.63,1.5778,1019.88
14.90555556,14.90555556,0.72,3.7513,1019.91
13.08333333,13.08333333,0.87,3.4132,1020.02
12.71111111,12.71111111,0.89,3.2522,1020.11
12.12777778,12.12777778,0.89,3.1717,1020.12
11.81111111,11.81111111,0.84,4.991,1018.38
12.01666667,12.01666667,0.8,6.2629,1019.91
12.04444444,12.04444444,0.8,6.4239,1020.03
10.62777778,10.62777778,0.86,9.7083,1020.39
9.911111111,8.688888889,0.99,9.1448,1020.6
12.55555556,12.55555556,0.9,7.7441,1020.81
15.00555556,15.00555556,0.78,8.7584,1021.01
17.33888889,17.33888889,0.74,12.1877,1020.94
19.1,19.1,0.67,12.6224,1020.66
21.26111111,21.26111111,0.57,9.9176,1020.53
22.41111111,22.41111111,0.54,11.4471,1020.16
22.93888889,22.93888889,0.5,8.5491,1019.95
23.92777778,23.92777778,0.47,11.3022,1019.43
23.96111111,23.96111111,0.47,8.3076,1018.97
23.96111111,23.96111111,0.38,8.5813,1018.28
23.11111111,23.11111111,0.42,10.7065,1017.97
22.82222222,22.82222222,0.44,12.4936,1017.68
21.11111111,21.11111111,0.47,5.2164,1017.89
18.18888889,18.18888889,0.58,4.8622,1017.96
16.01666667,16.01666667,0.72,4.6046,1018.31
15.46666667,15.46666667,0.72,6.44,1018.6
14.60555556,14.60555556,0.76,6.7459,1018.65
13.31111111,13.31111111,0.82,3.542,1018.44
12.73333333,12.73333333,0.83,3.0751,1018.23
13.78888889,13.78888889,0.77,6.0858,1014.58
10.57777778,10.57777778,0.88,6.44,1018.11
10.48333333,10.48333333,0.92,3.22,1017.73
10.28888889,10.28888889,0.91,3.7513,1017.7
9.972222222,9.972222222,0.92,1.5617,1017.62
13.63888889,13.63888889,0.9,2.7048,1017.54
16.73888889,16.73888889,0.74,7.245,1017.7
18.83888889,18.83888889,0.65,3.4132,1017.78
21.16111111,21.16111111,0.59,4.6046,1017.3
22.58888889,22.58888889,0.53,4.4275,1017.19
22.89444444,22.89444444,0.48,7.6636,1016.68
24.00555556,24.00555556,0.47,9.66,1016.08
24.00555556,24.00555556,0.35,8.0017,1015.62
23.97777778,23.97777778,0.44,9.2897,1014.86
25.04444444,25.04444444,0.32,3.5903,1013.97
24.07777778,24.07777778,0.35,4.9588,1013.39
22.38333333,22.38333333,0.45,9.4829,1013.18
21.20555556,21.20555556,0.52,3.6869,1013.21
18.26111111,18.26111111,0.62,6.2146,1013.75
17.2,17.2,0.67,14.49,1014.13
15.99444444,15.99444444,0.75,3.1073,1014.13
15.96111111,15.96111111,0.79,12.2843,1014.06
15.44444444,15.44444444,0.72,13.846,1013.92
14.37222222,14.37222222,0.75,10.9963,1013.82
13.60555556,13.60555556,0.9,9.982,1012.67
12.82222222,12.82222222,0.82,6.2468,1013.04
12.75,12.75,0.83,3.3488,1013.03
11.41666667,11.41666667,0.92,6.2307,1012.98
12.33333333,12.33333333,0.86,2.4633,1012.83
14.90555556,14.90555556,0.78,10.2879,1013.03
15.89444444,15.89444444,0.74,10.2879,1013.13
17.22777778,17.22777778,0.72,12.0589,1013.13
17.82777778,17.82777778,0.73,7.4704,1013.1
17.91666667,17.91666667,0.72,10.0947,1013.17
19.05555556,19.05555556,0.67,9.0965,1013
20.14444444,20.14444444,0.67,7.5187,1012.69
20.26111111,20.26111111,0.62,3.8962,1012.54
21.20555556,21.20555556,0.62,4.6368,1011.87
21.25555556,21.25555556,0.67,4.8944,1011.19
20.23333333,20.23333333,0.66,7.2128,1011.17
19.07777778,19.07777778,0.71,7.6475,1011.08
17.94444444,17.94444444,0.77,10.5777,1011.28
15.49444444,15.49444444,0.82,20.608,1012.08
14.14444444,14.14444444,0.89,8.4364,1012.64
14.53888889,14.53888889,0.86,11.0768,1012.79
14.13888889,14.13888889,0.86,3.6708,1012.79
13.4,13.4,0.9,3.5098,1012.56
13.42777778,13.42777778,0.9,3.3488,1012.8
11.58888889,11.58888889,0.74,5.474,1009.9
14.42222222,14.42222222,0.83,10.7709,1011.91
13.91666667,13.91666667,0.86,10.6904,1011.72
13.4,13.4,0.9,10.3201,1011.51
13.86666667,13.86666667,0.9,7.9373,1011.51
14.90555556,14.90555556,0.84,11.27,1011.6
15.93333333,15.93333333,0.74,10.6743,1011.59
17.12777778,17.12777778,0.65,19.8996,1011.41
18.75,18.75,0.58,19.4166,1011.2
18.96111111,18.96111111,0.6,17.0499,1011.25
19.99444444,19.99444444,0.54,16.8728,1010.98
21.11111111,21.11111111,0.5,17.3397,1010.48
21.09444444,21.09444444,0.46,21.9604,1010.24
21.17777778,21.17777778,0.43,19.8191,1009.55
21.22777778,21.22777778,0.41,16.4703,1009.04
20.1,20.1,0.45,13.7977,1008.55
19.02777778,19.02777778,0.51,9.7888,1008.17
17.85,17.85,0.59,14.0553,1008.46
16.26111111,16.26111111,0.66,11.2861,1008.94
14.98333333,14.98333333,0.72,13.9426,1009.55
14.46666667,14.46666667,0.65,11.0285,1009.57
13.94444444,13.94444444,0.6,10.8031,1009.53
12.31666667,12.31666667,0.65,11.1734,1009.56
11.76111111,11.76111111,0.66,10.8997,1009.47
10.82777778,10.82777778,0.62,13.1859,1011.18
10.13888889,10.13888889,0.73,10.948,1009.25
10.62777778,10.62777778,0.71,11.109,1008.87
10.60555556,10.60555556,0.69,13.524,1008.82
10.07222222,10.07222222,0.71,15.5848,1008.84
11.16111111,11.16111111,0.71,21.5257,1009.07
12.88888889,12.88888889,0.67,22.9586,1009.23
15.05,15.05,0.6,26.4845,1009.25
15.16111111,15.16111111,0.59,26.726,1009.44
16.27222222,16.27222222,0.56,23.3611,1009.76
17.8,17.8,0.46,28.0623,1009.34
17.93888889,17.93888889,0.46,27.9013,1009.14
18.85555556,18.85555556,0.41,25.7439,1009.01
17.98888889,17.98888889,0.43,26.3557,1008.83
17.96111111,17.96111111,0.51,25.0516,1008.43
17.36111111,17.36111111,0.47,25.5668,1008.7
16.25,16.25,0.52,23.3289,1009.03
14.12222222,14.12222222,0.47,20.0284,1009.42
12.95,12.95,0.55,14.9569,1010.18
12.24444444,12.24444444,0.52,22.9425,1010.85
11.68888889,11.68888889,0.57,19.6581,1011.08
11.15555556,11.15555556,0.59,20.7368,1011.22
9.216666667,8.627777778,0.9,5.8443,1014.24
8.683333333,8.2,0.9,5.2486,1014.73
9.188888889,7.3,0.77,12.3165,1013.46
8.594444444,7.788888889,0.93,6.2951,1014.81
7.505555556,7.505555556,0.93,1.8515,1014.35
6.216666667,4.194444444,0.95,9.6761,1014.42
5.855555556,5.855555556,0.93,0.4347,1014.35
5.933333333,5.933333333,1,0.1449,1014.55
10.40555556,10.40555556,1,0.7245,1014.91
12.54444444,12.54444444,0.78,7.2611,1014.44
13.86111111,13.86111111,0.77,3.8801,1014.52
15.97777778,15.97777778,0.63,4.669,1014.75
17.26666667,17.26666667,0.57,5.474,1014.41
17.84444444,17.84444444,0.5,2.6726,1014.02
16.42777778,16.42777778,0.54,3.9928,1013.55
17.77777778,17.77777778,0.46,1.6744,1013.02
17.84444444,17.84444444,0.45,4.4275,1011.95
17.3,17.3,0.5,5.6672,1012.11
15.18333333,15.18333333,0.65,12.7351,1012.13
13.00555556,13.00555556,0.7,3.7191,1012.52
12.69444444,12.69444444,0.74,7.9373,1013.08
12.19444444,12.19444444,0.72,9.7083,1013.35
12.08333333,12.08333333,0.71,16.9855,1013.19
10.61666667,10.61666667,0.74,10.8514,1013.54
11.6,11.6,0.57,16.9855,1011.68
11.02222222,11.02222222,0.6,16.9211,1011.79
11.88888889,11.88888889,0.6,15.939,1013.76
10.41666667,10.41666667,0.64,16.6474,1011.39
10.3,10.3,0.67,13.3952,1011.42
9.483333333,7.5,0.72,13.3791,1011.65
9.772222222,7.933333333,0.68,12.8317,1011.83
10.93333333,10.93333333,0.67,11.1412,1012.42
11.65555556,11.65555556,0.66,7.1806,1012.96
13.93888889,13.93888889,0.55,21.5579,1012.97
15.02777778,15.02777778,0.54,17.3075,1013.36
16.03888889,16.03888889,0.47,24.5203,1013.41
15.22777778,15.22777778,0.51,20.3665,1013.34
16.20555556,16.20555556,0.44,14.4417,1013.62
17.3,17.3,0.43,18.0159,1013.28
17.77777778,17.77777778,0.43,15.8263,1012.98
17.8,17.8,0.38,17.2431,1012.5
17.26111111,17.26111111,0.39,16.8728,1012.61
17.2,17.2,0.38,15.3111,1012.88
15.02222222,15.02222222,0.45,20.9139,1012.98
13.92777778,13.92777778,0.47,13.3469,1013.73
12.36666667,12.36666667,0.57,9.4346,1014.17
12.29444444,12.29444444,0.59,6.7781,1014.46
12.78888889,12.78888889,0.56,14.4095,1014.45
9.533333333,8.677777778,0.76,7.084,1013.49
9.972222222,7.966666667,0.71,14.4256,1013.41
4.911111111,4.911111111,0.91,1.0143,1015.4
7.916666667,5.855555556,0.78,11.6725,1013.19
7.383333333,4.755555556,0.82,14.6188,1012.8
7.972222222,5.894444444,0.82,11.8496,1013.1
8.816666667,6.538888889,0.84,14.49,1013.14
8.794444444,5.555555556,0.84,23.3289,1013.64
7.888888889,4.088888889,0.89,26.8387,1014.12
7.8,4.333333333,0.96,22.7815,1014.48
7.822222222,5.35,0.95,14.2163,1014.97
7.944444444,6.233333333,0.95,9.7727,1015.66
8.077777778,5.455555556,0.94,15.778,1015.89
10.22777778,10.22777778,0.81,11.3183,1015.69
11.36111111,11.36111111,0.74,4.2021,1015.59
12.45,12.45,0.7,1.3041,1015.24
12.91666667,12.91666667,0.67,3.6869,1014.77
12.55,12.55,0.62,6.4078,1014.73
12.38333333,12.38333333,0.69,9.8049,1014.49
10.22777778,10.22777778,0.75,8.4042,1014.7
9.227777778,7.811111111,0.78,9.5151,1015.38
7.827777778,6.622222222,0.87,7.3738,1015.81
6.677777778,5.727777778,0.91,5.796,1015.89
6.122222222,4.938888889,0.91,6.279,1015.9
5.327777778,4.15,0.95,5.8926,1015.92
4.355555556,1.705555556,0.95,10.9158,1015.89
9.272222222,9.272222222,0.89,3.6386,1007.55
4.261111111,2.866666667,0.92,6.0697,1015.21
3.216666667,1.666666667,0.92,6.0697,1015.18
3.905555556,2.516666667,0.92,5.8926,1014.89
2.711111111,0.4722222222,0.96,7.9695,1014.29
3.816666667,2.644444444,1,5.2808,1014.35
6.883333333,5.105555556,0.93,9.1126,1014
8.938888889,6.533333333,0.88,15.6814,1013.53
11.20555556,11.20555556,0.79,20.7046,1013.05
12.85,12.85,0.7,20.1572,1012.74
13.96111111,13.96111111,0.63,23.9729,1011.92
14.97777778,14.97777778,0.51,23.9568,1010.87
14.02777778,14.02777778,0.57,22.6849,1009.99
15.02222222,15.02222222,0.51,26.7743,1008.85
15.04444444,15.04444444,0.54,20.8817,1007.74
15.08888889,15.08888889,0.5,17.1948,1007.07
14.95,14.95,0.51,14.1197,1006.26
13.81666667,13.81666667,0.59,11.1251,1005.77
12.91666667,12.91666667,0.64,11.6886,1005.19
13.83888889,13.83888889,0.59,14.2324,1004.85
12.75555556,12.75555556,0.69,6.2629,1005.49
12.65,12.65,0.74,18.1286,1005.64
11.68888889,11.68888889,0.8,11.3183,1005.45
10.62777778,10.62777778,0.88,6.5527,1005.65
5.666666667,3.755555556,0.91,8.7262,1012.87
10.05,10.05,0.92,6.6171,1006.34
9.977777778,9.977777778,0.93,2.5921,1006.47
9.777777778,9.377777778,0.95,5.4579,1007.16
8.661111111,8.661111111,0.99,4.7334,1007.18
7.55,4.261111111,0.95,20.3504,1007.86
7.233333333,4.683333333,0.93,13.846,1008.4
6.044444444,2.011111111,0.92,23.6187,1008.86
6.094444444,2.233333333,0.85,22.0892,1009.1
6.116666667,2.25,0.82,22.1697,1010.06
6.066666667,2.705555556,0.86,17.7583,1010.67
6.038888889,2.711111111,0.93,17.4524,1011.06
6.888888889,3.205555556,0.93,22.4595,1011.03
7.061111111,4.15,0.86,16.1161,1011.14
6.038888889,2.344444444,0.93,20.4631,1011.61
6.072222222,2.305555556,0.93,21.1393,1011.86
5.044444444,1.055555556,0.93,20.6885,1011.93
5.022222222,1.944444444,0.92,14.0231,1012.4
5.033333333,1.816666667,0.93,14.9408,1013.23
5,2.438888889,0.93,11.1251,1013.8
4.977777778,1.877777778,0.93,14.1197,1014.08
4.933333333,1.538888889,0.87,15.939,1013.96
4.466666667,1.277777778,0.92,13.9748,1013.9
4.444444444,1.194444444,0.92,14.329,1014.39
4.011111111,1.044444444,0.83,12.1555,1016.82
4.905555556,1.844444444,0.86,13.7977,1014.18
4.883333333,2.35,0.83,10.8836,1014.27
4.388888889,1.277777778,0.89,13.3952,1014.14
4.838888889,1.288888889,0.86,16.8889,1014.11
4.811111111,1.483333333,0.83,15.3433,1014.41
4.944444444,1.244444444,0.84,18.1769,1014.9
7.2,4.166666667,0.65,17.3719,1014.98
7.777777778,5.022222222,0.67,16.261,1014.97
8.727777778,6.65,0.64,12.9122,1015.52
8.983333333,6.055555556,0.57,20.4953,1015.64
10,7.1,0.5,23.2162,1015.72
10.09444444,10.09444444,0.55,19.2878,1015.47
11.06111111,11.06111111,0.46,14.2646,1015.24
10.13888889,10.13888889,0.42,12.558,1015.14
11.01111111,11.01111111,0.42,9.3541,1015.13
10.11666667,10.11666667,0.49,7.6636,1015.39
7.916666667,7.916666667,0.57,4.4597,1015.7
7.333333333,7.333333333,0.63,2.6243,1016.2
5.05,5.05,0.75,3.059,1016.83
3.933333333,2.422222222,0.76,6.2629,1017.12
4.094444444,2.583333333,0.77,6.3434,1017.38
3.8,2.288888889,0.82,6.2146,1017.32
2.688888889,-0.1555555556,0.85,10.2879,1017.42
5.066666667,3.938888889,0.81,5.635,1018.24
2.6,0.9611111111,0.85,6.0536,1017.33
1.583333333,-0.1611111111,0.92,5.9248,1017.53
2.155555556,2.155555556,0.9,3.2361,1017.7
0.9555555556,0.9555555556,0.92,1.5939,1017.84
0.9555555556,0.9555555556,0.92,4.5724,1018.13
5.594444444,5.594444444,0.82,0.2254,1018.47
9.822222222,7.777777778,0.66,14.49,1018.32
11.07222222,11.07222222,0.54,1.6744,1018.59
11.05555556,11.05555556,0.48,6.9391,1018.68
12.24444444,12.24444444,0.43,7.1323,1018.49
12.85,12.85,0.41,9.1609,1018.38
12.88888889,12.88888889,0.38,9.5795,1018.35
12.91666667,12.91666667,0.4,9.4829,1017.58
13.88888889,13.88888889,0.46,10.3845,1017.37
13.02222222,13.02222222,0.48,12.2038,1017.37
12.38333333,12.38333333,0.49,12.4453,1017.24
10.20555556,10.20555556,0.57,9.8371,1017.45
9.144444444,8.088888889,0.62,7.6475,1017.83
7.827777778,6.1,0.68,9.7405,1018.17
7.733333333,6.672222222,0.65,6.7459,1018.28
7.144444444,6.138888889,0.69,6.2146,1018.37
6.016666667,4.783333333,0.74,6.4078,1018.39
5.461111111,4.077777778,0.76,6.601,1018.49
8.244444444,5.988888889,0.72,13.3791,1015.16
3.838888889,2.194444444,0.82,6.6332,1018.18
2.244444444,2.244444444,0.91,3.4776,1018.29
2.022222222,0.2277777778,0.93,6.2307,1018.28
2.172222222,-0.8666666667,0.92,10.7065,1018.08
3.661111111,0.9111111111,0.89,10.7226,1018.6
6.111111111,3.638888889,0.79,11.8979,1018.66
10.00555556,10.00555556,0.66,11.4793,1018.38
12.24444444,12.24444444,0.52,17.8066,1018.46
12.93888889,12.93888889,0.5,19.6259,1018.34
13.98333333,13.98333333,0.5,20.6241,1017.86
15.09444444,15.09444444,0.44,16.0839,1017.26
16.25,16.25,0.43,14.7798,1016.76
17.26666667,17.26666667,0.41,16.1,1016.04
17.28888889,17.28888889,0.38,16.2288,1015.06
17.38888889,17.38888889,0.37,14.1358,1014.68
17.28888889,17.28888889,0.38,14.49,1014.36
15.08888889,15.08888889,0.44,9.7083,1014.16
11.71111111,11.71111111,0.58,10.3845,1014.36
11.16111111,11.16111111,0.61,10.9319,1014.6
10.02777778,10.02777778,0.68,11.1734,1014.69
10.13888889,10.13888889,0.65,13.6206,1014.51
21.01666667,21.01666667,0.87,3.22,1012.02
19.44444444,19.44444444,0.9,6.0375,1012.22
20.72222222,20.72222222,0.81,9.2253,1008.65
18.79444444,18.79444444,0.93,5.9248,1012.11
17.73333333,17.73333333,0.93,3.1234,1011.63
17.60555556,17.60555556,0.95,2.9302,1011.84
18.73333333,18.73333333,0.93,7.8407,1011.81
22.55555556,22.55555556,0.8,1.61,1011.72
24.76111111,24.76111111,0.7,3.1717,1011.86
27.17222222,28.03333333,0.56,1.7388,1011.67
28.91111111,30.13888889,0.55,2.9463,1011.27
30.95555556,31.17222222,0.42,2.7531,1011.07
32.17222222,32.22222222,0.38,7.728,1010.47
32.12777778,31.27222222,0.32,7.3416,1010.07
31.98333333,31.41111111,0.35,7.1645,1009.69
32.53888889,32.68888889,0.38,12.6224,1008.95
31.97777778,32.16111111,0.4,12.0911,1008.2
32.01111111,32.51111111,0.41,8.9194,1007.57
30.94444444,30.75,0.39,13.4113,1007.1
28.57222222,29.15,0.5,7.9695,1007.04
27.09444444,28.15,0.59,6.2307,1007.03
24.69444444,24.69444444,0.65,4.4275,1006.95
24.13888889,24.13888889,0.7,12.8478,1007.07
23.12222222,23.12222222,0.77,11.8496,1007.62
15.56111111,15.56111111,0.92,3.3327,1011.53
15.49444444,15.49444444,0.87,3.3649,1011.34
16.53888889,16.53888889,0.91,3.6225,1008.66
13.8,13.8,0.9,3.2039,1011.04
13.31666667,13.31666667,0.9,3.1234,1011.12
12.60555556,12.60555556,0.92,3.6064,1010.9
12.32777778,12.32777778,0.93,3.0912,1011.54
14.96666667,14.96666667,0.87,4.508,1010.85
16.26111111,16.26111111,0.87,8.6135,1010.89
16.25,16.25,0.92,9.3058,1010.93
18.88888889,18.88888889,0.89,10.6421,1010.64
21.35,21.35,0.76,14.0392,1010.56
21.20555556,21.20555556,0.76,13.9426,1010.5
22.33888889,22.33888889,0.72,10.8192,1010.09
23.03333333,23.03333333,0.66,10.2074,1009.62
23.91111111,23.91111111,0.62,9.4024,1008.8
24.97777778,24.97777778,0.51,7.6636,1008.39
23.8,23.8,0.58,9.0482,1007.71
23.59444444,23.59444444,0.53,7.5992,1007.66
22.50555556,22.50555556,0.68,11.27,1007.66
20.01666667,20.01666667,0.78,12.2682,1007.6
19.91111111,19.91111111,0.74,16.1966,1007.87
19.35555556,19.35555556,0.76,13.2664,1008.35
17.88333333,17.88333333,0.85,12.6868,1008.32
17.25,17.25,0.89,10.5294,1008.16
16.62777778,16.62777778,0.92,6.3756,1008.15
15.84444444,15.84444444,0.84,3.5259,1009.37
17,17,0.92,2.6565,1008.06
17.06666667,17.06666667,0.86,6.6332,1007.86
16.50555556,16.50555556,0.79,6.9874,1008.06
14.98333333,14.98333333,0.83,9.4507,1007.87
16.02222222,16.02222222,0.81,12.3809,1007.98
16.16111111,16.16111111,0.81,15.8746,1008.07
18.84444444,18.84444444,0.68,22.1053,1007.86
21.11666667,21.11666667,0.68,20.2055,1007.95
22.50555556,22.50555556,0.62,15.1501,1008.2
23.79444444,23.79444444,0.54,17.2431,1007.95
23.88888889,23.88888889,0.51,15.5848,1008.03
25.83333333,25.83333333,0.44,16.422,1008.03
25.92777778,25.92777778,0.43,21.6867,1007.73
25,25,0.42,20.0767,1007.71
24.94444444,24.94444444,0.43,18.6599,1007.73
24.92777778,24.92777778,0.45,16.9855,1007.81
22.8,22.8,0.51,12.397,1008.02
19.33888889,19.33888889,0.7,7.3255,1008.55
17.80555556,17.80555556,0.78,4.7817,1008.62
17.78333333,17.78333333,0.75,3.4615,1008.73
16.48888889,16.48888889,0.79,6.3434,1009.41
15.69444444,15.69444444,0.83,6.5044,1009.79
15.62777778,15.62777778,0.81,3.3649,1009.69
16.21111111,16.21111111,0.93,4.2182,1007.41
15.57777778,15.57777778,0.84,6.2951,1009.61
15.57777778,15.57777778,0.81,3.3166,1009.32
15.60555556,15.60555556,0.81,3.7191,1009.37
15.05,15.05,0.83,7.7924,1009.14
17.06666667,17.06666667,0.73,9.3219,1009.12
17.48333333,17.48333333,0.72,7.4221,1009.19
17.66666667,17.66666667,0.71,8.7745,1009.19
18.8,18.8,0.69,8.7584,1008.99
19.68333333,19.68333333,0.67,8.7423,1008.93
18.82222222,18.82222222,0.78,10.626,1008.11
20,20,0.77,4.7495,1007.52
21.15,21.15,0.72,7.7924,1007.29
23.65555556,23.65555556,0.67,11.0124,1006.83
23.61666667,23.61666667,0.6,15.2145,1006.16
23.81666667,23.81666667,0.62,10.6421,1005.9
22.03888889,22.03888889,0.7,25.0033,1005.65
19.95,19.95,0.7,16.1644,1006.32
18.92222222,18.92222222,0.8,8.3237,1006.71
17.26666667,17.26666667,0.88,7.8085,1007.17
16.17777778,16.17777778,0.9,5.957,1007.38
15.83333333,15.83333333,0.93,6.3434,1007.32
16.73333333,16.73333333,0.93,6.0053,1007.28
16.71111111,16.71111111,0.97,13.1054,1006.86
16.26666667,16.26666667,0.97,5.474,1009.54
16.13888889,16.13888889,0.97,11.0446,1007.4
16.08888889,16.08888889,0.97,3.0912,1006.87
15.55555556,15.55555556,0.96,2.7692,1007.66
14.51666667,14.51666667,1,3.0268,1007.73
17.08888889,17.08888889,0.99,10.8192,1007.8
17.66666667,17.66666667,0.96,9.5956,1008.39
19.79444444,19.79444444,0.85,10.5133,1008.32
22.01666667,22.01666667,0.74,10.7709,1008.71
21.13888889,21.13888889,0.73,9.4668,1009.28
21.04444444,21.04444444,0.73,15.1018,1009.72
18.93888889,18.93888889,0.89,13.524,1010.77
18.91666667,18.91666667,0.9,3.381,1010.97
20.05,20.05,0.78,4.7334,1010.28
21.06666667,21.06666667,0.73,9.0643,1009.53
20.05,20.05,0.78,0.3703,1009.78
20,20,0.83,0.0644,1009.83
18.86666667,18.86666667,0.9,0.0322,1010.18
17.95555556,17.95555556,0.96,3.7835,1010.43
17.71111111,17.71111111,0.97,12.2199,1010.09
17.73333333,17.73333333,0.93,10.6099,1009.92
16.79444444,16.79444444,0.97,5.3935,1010.08
16.66666667,16.66666667,0.97,6.1824,1010.49
16.16111111,16.16111111,0.97,6.2951,1010.1
17.01111111,17.01111111,0.91,5.4096,1013.23
16.11666667,16.11666667,0.97,2.8658,1010.3
16.11666667,16.11666667,0.97,2.8497,1010.48
15.55555556,15.55555556,0.96,5.8121,1010.86
14.00555556,14.00555556,1,3.0751,1010.7
16.11666667,16.11666667,0.93,9.3541,1011.39
16.05,16.05,0.93,9.0643,1011.92
16.21111111,16.21111111,0.99,7.5831,1012.57
17.80555556,17.80555556,0.89,7.728,1013.15
18.88333333,18.88333333,0.84,5.2325,1013.59
20.18888889,20.18888889,0.77,7.8729,1013.43
22.26666667,22.26666667,0.67,11.0607,1013.32
22.35555556,22.35555556,0.7,12.9766,1013.49
23.86666667,23.86666667,0.54,10.8675,1013.22
23.88888889,23.88888889,0.58,9.5312,1012.83
22.95555556,22.95555556,0.56,11.8013,1012.85
22.47777778,22.47777778,0.58,10.8192,0
20.85555556,20.85555556,0.7,4.5885,1012.28
19.16111111,19.16111111,0.82,0.7728,1012.44
17.73333333,17.73333333,0.84,9.1126,1012.44
18.23888889,18.23888889,0.81,6.2468,1012.62
17.81666667,17.81666667,0.88,1.6261,1013.45
17.71111111,17.71111111,0.84,12.9444,1013.41
17.2,17.2,0.9,3.0912,1013.5
15.30555556,15.30555556,0.9,2.6243,1015.55
16.55,16.55,0.93,3.2522,1013.21
16.09444444,16.09444444,0.96,6.0053,1013.21
15.55,15.55,0.93,2.4633,1013.5
14.93333333,14.93333333,0.93,4.7334,1013.79
17.08888889,17.08888889,0.93,7.9051,1014.1
18.65555556,18.65555556,0.85,7.3738,1014.13
19.81111111,19.81111111,0.79,11.0768,1014.61
21.06111111,21.06111111,0.73,7.7924,0
22.20555556,22.20555556,0.63,11.1734,1015.48
22.75,22.75,0.57,12.558,1015
23.79444444,23.79444444,0.54,13.6045,1015.18
23.48333333,23.48333333,0.51,10.8353,1015.29
23.96111111,23.96111111,0.53,10.787,1015.17
24.95,24.95,0.5,10.8031,1014.96
23.95555556,23.95555556,0.53,12.3004,1014.66
23.95555556,23.95555556,0.5,12.2843,1014.77
23.86111111,23.86111111,0.54,3.0912,1014.68
19.26666667,19.26666667,0.75,0.5474,1015.04
17.28888889,17.28888889,0.87,3.1073,1015.58
16.62222222,16.62222222,0.93,3.1395,1015.88
16.67222222,16.67222222,0.87,3.3005,1015.95
15.07222222,15.07222222,0.93,2.2862,1015.99
14.51666667,14.51666667,0.93,3.0268,1015.89
17.84444444,17.84444444,0.8,12.3326,1012.82
14.44444444,14.44444444,0.93,3.1556,1015.98
13.88888889,13.88888889,0.96,3.1234,1015.71
14.43333333,14.43333333,0.9,5.6028,1015.63
14.92777778,14.92777778,0.87,4.6207,1015.59
17.04444444,17.04444444,0.82,8.9999,1015.49
18.78888889,18.78888889,0.78,8.694,1015.64
21.16111111,21.16111111,0.73,12.3004,1015.46
23.86666667,23.86666667,0.62,12.7029,1015.35
24.96666667,24.96666667,0.56,15.3594,1015.21
26.13333333,26.13333333,0.47,14.4417,1014.56
27.22222222,27.26111111,0.44,15.8907,1014.36
27.73888889,27.35555556,0.39,14.6349,1014.11
27.77777778,27.5,0.4,15.9229,1013.56
27.8,27.4,0.39,15.778,1013.07
27.87222222,27.37777778,0.37,13.5723,1012.83
26.15555556,26.15555556,0.43,10.7226,1012.55
23.97777778,23.97777778,0.54,7.9856,1012.46
22.57222222,22.57222222,0.58,10.6421,1012.52
21.13888889,21.13888889,0.6,10.8997,1012.58
20.43888889,20.43888889,0.67,10.9319,1012.41
20.42777778,20.42777778,0.7,10.3362,1012.66
19.35555556,19.35555556,0.74,11.0124,1012.6
18.75,18.75,0.76,10.8353,1012.59
19.87777778,19.87777778,0.85,10.143,1012.55
17.22222222,17.22222222,0.84,13.9265,1012.09
16.64444444,16.64444444,0.87,14.3451,1012.11
16.55,16.55,0.88,10.0142,1012.39
16.09444444,16.09444444,0.87,9.4829,1012.38
17.66666667,17.66666667,0.84,10.9963,1012.66
20.78333333,20.78333333,0.7,14.812,1012.65
22.73333333,22.73333333,0.67,15.4721,1012.39
26.01666667,26.01666667,0.55,16.8567,1012.47
26.12777778,26.12777778,0.58,13.2825,1012.91
28.83888889,29.61111111,0.51,9.66,0
29.00555556,29.75,0.51,10.8031,1012.36
31.03333333,31.71111111,0.45,7.6475,1012.33
31.13333333,30.6,0.36,11.1734,1011.95
31.13333333,31.26111111,0.41,11.27,1011.74
31.21111111,31.32777778,0.41,10.7709,1011.73
30.02222222,30.70555556,0.48,11.0768,1011.45
27.87222222,29.07222222,0.58,9.177,1011.65
25.40555556,25.40555556,0.66,7.9695,1011.99
22.75555556,22.75555556,0.79,4.6207,1012.36
22.68888889,22.68888889,0.79,6.5849,1012.47
21.2,21.2,0.84,6.5044,1012.57
21.55,21.55,0.81,6.3917,1012.66
21.43888889,21.43888889,0.82,10.8353,1012.39
19.50555556,19.50555556,0.92,2.898,1015.42
19.86111111,19.86111111,0.88,13.4918,1012.38
19.33333333,19.33333333,0.87,10.948,1012.48
18.75,18.75,0.91,10.1591,1012.44
18.84444444,18.84444444,0.9,7.9856,1012.47
19.91111111,19.91111111,0.87,10.9963,1012.85
22.10555556,22.10555556,0.81,14.49,1012.81
24.95,24.95,0.69,16.0195,0
25,25,0.74,11.1573,1013.17
27.3,29.12777778,0.67,13.7816,1014
27.96666667,29.62777778,0.62,16.0034,1013.21
30.11666667,31.27222222,0.5,17.388,1012.98
31.04444444,31.68888889,0.45,23.667,1012.5
31.20555556,32.45555556,0.47,17.5168,1012.44
32.17222222,32.91111111,0.42,16.2932,1012.52
32.54444444,33.17777778,0.4,12.3809,1012.62
31.03888889,31.62222222,0.44,10.1591,1012.44
28.95555556,30.16666667,0.54,8.372,1012.65
26.47777778,26.47777778,0.64,7.7441,1013.44
22.91666667,22.91666667,0.73,8.05,1014.17
23.38333333,23.38333333,0.73,6.7298,1014.58
22.45,22.45,0.83,3.5098,1015.15
22.6,22.6,0.77,6.0536,1015.69
19.98333333,19.98333333,0.9,3.5581,1015.99
20.95555556,20.95555556,0.87,3.0751,1016.78
18.87222222,18.87222222,0.9,3.703,1016.49
18.33888889,18.33888889,0.93,6.4078,1016.69
18.85,18.85,0.93,5.6028,1016.84
17.27777778,17.27777778,0.99,4.7978,1017.27
19.91666667,19.91666667,0.87,4.9588,1017.3
23.6,23.6,0.74,7.9212,1017.88
25.99444444,25.99444444,0.61,10.9319,1017.85
27.73333333,28.62222222,0.55,12.7029,1017.78
28.79444444,29.36666667,0.5,15.9068,1018.19
29.88333333,30.38888889,0.47,20.2538,1018.67
30.97222222,31.59444444,0.45,17.227,1018.15
31.91666667,32.42222222,0.41,11.2539,1017.78
32.12777778,32.75,0.42,15.4399,1016.77
32.12777778,32.22777778,0.39,17.3236,1017.07
31.08333333,31.68888889,0.44,17.1626,1017.26
31.01666667,31.62222222,0.44,12.3809,1017.23
27.26666667,28.80555556,0.64,10.8031,1016.27
25.45555556,25.45555556,0.68,0.8855,1016.14
22.8,22.8,0.84,4.6207,1017.94
23.21666667,23.21666667,0.79,6.1824,1017.58
22.23888889,22.23888889,0.85,2.7853,1017.7
20.41666667,20.41666667,0.84,23.8602,1008.14
19.88333333,19.88333333,0.85,10.3684,1008.38
16.81111111,16.81111111,0.92,6.5688,1009.23
19.37777778,19.37777778,0.9,10.1913,1007.8
18.86666667,18.86666667,0.93,4.9105,1007.64
18.88333333,18.88333333,0.93,5.8121,1007.73
17.87222222,17.87222222,0.97,5.1198,1008.14
18.93888889,18.93888889,0.99,4.8783,1009.1
20.08888889,20.08888889,0.92,9.7727,1009.47
21.08888889,21.08888889,0.87,12.3326,1009.31
22.17777778,22.17777778,0.81,12.7995,1009.21
23.53333333,23.53333333,0.71,16.1805,1009.38
23.84444444,23.84444444,0.69,14.2646,1009.41
24.95555556,24.95555556,0.62,12.719,1009.02
25.92222222,25.92222222,0.58,10.7065,1009
24.96111111,24.96111111,0.62,15.8746,1008.75
24.79444444,24.79444444,0.58,17.0338,1008.94
23.75555556,23.75555556,0.62,20.1572,1008.76
22.12777778,22.12777778,0.68,21.8316,1008.95
21.06111111,21.06111111,0.68,13.7172,1008.93
21.06666667,21.06666667,0.68,10.4489,1009.29
18.86666667,18.86666667,0.84,3.3649,1009.42
18.26666667,18.26666667,0.84,6.4078,1009.53
17.87777778,17.87777778,0.86,5.9731,1009.78
21.08888889,21.08888889,0.9,3.1878,1017.18
21.55,21.55,0.87,6.1502,1016.9
18.78333333,18.78333333,0.85,9.3058,1017.18
19.97777778,19.97777778,0.93,3.2683,1016.59
20.99444444,20.99444444,0.88,6.3595,1016.39
19.98888889,19.98888889,0.88,4.7978,1016.52
18.86666667,18.86666667,0.97,0,1016.34
22.08888889,22.08888889,0.82,3.22,1016.64
23.77222222,23.77222222,0.75,0.966,1016.74
27.17777778,28.33888889,0.6,0.805,1017.06
28.79444444,30.06111111,0.55,5.2486,1016.71
30.86111111,33.38333333,0.55,8.8872,1017
32.03888889,33.46111111,0.46,8.211,1016.81
32.58888889,35.49444444,0.5,11.3827,1016.61
32.63888889,34.13333333,0.44,13.7011,1015.91
32.15,32.97777778,0.43,12.6546,1016.18
31.08333333,31.9,0.45,14.2163,1015.69
32.07777778,32.73888889,0.42,8.7423,1015.82
30.97222222,31.72222222,0.45,12.4453,1014.89
28.86111111,30.12777778,0.55,7.5992,1015.24
26.41111111,26.41111111,0.65,4.4758,1014.74
23.81666667,23.81666667,0.75,3.22,1014.62
23.31111111,23.31111111,0.79,12.397,1014.73
24.53888889,24.53888889,0.72,11.9623,1014.5
21.96666667,21.96666667,0.72,30.8315,1015.64
19.88333333,19.88333333,0.79,20.0284,1016.93
14.98888889,14.98888889,0.86,10.8353,1016.56
17.77777778,17.77777778,0.9,11.431,1017.74
17.22222222,17.22222222,0.89,11.5598,1018.25
16.76666667,16.76666667,0.87,6.9874,1018.2
17.17777778,17.17777778,0.81,12.4614,1017.76
17.71111111,17.71111111,0.78,16.9211,1018.34
17.76111111,17.76111111,0.83,10.6421,1019.16
19.90555556,19.90555556,0.73,15.778,1018.74
21.11666667,21.11666667,0.68,9.8532,1019.29
21.19444444,21.19444444,0.68,9.5956,1019.01
22.25,22.25,0.64,9.8371,1018.68
21.25555556,21.25555556,0.72,7.9534,1017.99
22.64444444,22.64444444,0.63,11.0607,1017.66
22.80555556,22.80555556,0.62,10.8997,1016.61
22.82777778,22.82777778,0.7,10.7548,1016.11
22.63333333,22.63333333,0.66,5.5223,1015.78
20.18888889,20.18888889,0.82,12.2521,1015.5
20.18333333,20.18333333,0.77,9.4024,1015.4
19.07222222,19.07222222,0.88,4.9588,1015.46
17.87222222,17.87222222,0.95,3.5259,1015.91
17.25,17.25,0.92,6.5849,1016.15
16.32777778,16.32777778,0.89,6.9552,1016.35
15.05555556,15.05555556,0.87,6.9391,1016.27
14.98888889,14.98888889,0.83,11.5598,1016.44
13.20555556,13.20555556,0.95,4.4436,1016.42
13.36666667,13.36666667,0.9,6.9552,1016.05
14.31666667,14.31666667,0.84,11.5598,1015.86
14.33888889,14.33888889,0.84,16.8889,1015.97
12.74444444,12.74444444,0.9,2.0286,1015.85
14.85,14.85,0.83,12.9444,1016.03
17.47222222,17.47222222,0.75,10.948,1016.04
19.97777778,19.97777778,0.64,15.8585,1015.63
22.17777778,22.17777778,0.59,12.8156,1015.79
22.7,22.7,0.53,15.1018,1015.85
23.91111111,23.91111111,0.48,19.9479,1015.69
24.95,24.95,0.42,13.5401,1015.48
25.01111111,25.01111111,0.39,13.8782,1015.01
25.01666667,25.01666667,0.42,14.5222,1014.67
24.92777778,24.92777778,0.42,14.5222,1014.21
23.99444444,23.99444444,0.44,10.9319,1014.3
23.81111111,23.81111111,0.45,16.0195,0
21.16111111,21.16111111,0.59,11.3827,0
19.85,19.85,0.65,9.0643,1015.08
17.2,17.2,0.86,3.6708,1016.47
16.68888889,16.68888889,0.89,3.7835,1016.49
16.27777778,16.27777778,0.91,3.5742,1016.29
15.02777778,15.02777778,0.92,3.7191,1016.11
13.96111111,13.96111111,0.95,3.7674,1016.23
13.24444444,13.24444444,0.9,6.3112,1016.4
13.31666667,13.31666667,0.93,3.9767,1016.33
12.3,12.3,0.95,3.7191,1016.49
12.55,12.55,0.95,6.6815,1016.49
12.20555556,12.20555556,0.93,5.313,1016.41
13.80555556,13.80555556,0.93,9.6761,1016.32
16.15555556,16.15555556,0.81,13.8138,1016.58
17.78333333,17.78333333,0.78,14.4739,1016.6
19.93333333,19.93333333,0.68,15.7136,1016.62
21.08333333,21.08333333,0.62,19.0141,1016.97
20.02777778,20.02777778,0.61,15.8746,1016.73
20.07777778,20.07777778,0.68,14.1841,1016.71
20.97777778,20.97777778,0.63,14.0875,1016.7
22.33888889,22.33888889,0.63,13.7655,1015.96
23.73333333,23.73333333,0.54,13.7172,1015.39
22.66111111,22.66111111,0.54,13.9748,1015.38
22.77777778,22.77777778,0.57,11.4954,1015.1
21.13888889,21.13888889,0.63,13.8782,1015.09
18.03333333,18.03333333,0.73,8.4686,1015.48
16.21111111,16.21111111,0.81,1.9159,1015.81
16.09444444,16.09444444,0.84,6.3917,1016.01
15.57222222,15.57222222,0.87,6.4239,1016.38
13.9,13.9,0.92,3.3649,1016.4
13.85555556,13.85555556,0.9,3.381,1016.32
15.18888889,15.18888889,0.81,8.4042,1012.2
11.67777778,11.67777778,0.96,3.059,1016.1
11.09444444,11.09444444,0.96,3.3488,1015.9
10.78888889,10.78888889,0.96,6.0375,1015.71
11,11,0.93,4.508,1015.5
12.6,12.6,0.99,1.5617,1015.59
17.52222222,17.52222222,0.8,1.6905,1015.36
19.98888889,19.98888889,0.68,4.8139,1015.07
22.25,22.25,0.59,9.8371,0
22.94444444,22.94444444,0.52,10.1591,1015.26
24.95555556,24.95555556,0.47,11.2539,1014.85
25.05,25.05,0.45,11.109,0
25.98333333,25.98333333,0.41,4.6529,1014
26.13333333,26.13333333,0.43,8.2432,1013.44
25.06666667,25.06666667,0.42,9.5956,1012.85
25.21111111,25.21111111,0.38,7.8729,1012.46
25.04444444,25.04444444,0.42,11.2056,1011.84
22.33333333,22.33333333,0.53,8.1144,1011.46
20.31111111,20.31111111,0.6,5.3291,1011.45
17.75555556,17.75555556,0.7,7.6636,1011.97
18.17222222,18.17222222,0.69,6.2951,1011.7
17.26111111,17.26111111,0.72,10.4328,1011.63
17.06111111,17.06111111,0.71,10.6582,1011.78
16.62222222,16.62222222,0.71,6.5044,1011.49
14.76111111,14.76111111,0.91,1.5939,1010.6
15.06666667,15.06666667,0.8,3.1717,1011.15
16.16111111,16.16111111,0.81,3.3649,0
15.11666667,15.11666667,0.9,9.499,1011.12
15.02222222,15.02222222,0.87,4.669,1009.87
17.10555556,17.10555556,0.76,10.787,1009.79
17.29444444,17.29444444,0.76,10.6582,1009.36
20.9,20.9,0.73,9.5312,1008.64
22.65,22.65,0.62,15.8907,0
22.58888889,22.58888889,0.63,12.4131,1009.18
22.03888889,22.03888889,0.65,14.0231,1009.8
22.22222222,22.22222222,0.64,4.3148,0
22.33333333,22.33333333,0.65,9.4185,1009.32
22.82777778,22.82777778,0.66,9.3058,1008.86
23.81666667,23.81666667,0.59,15.6492,1008.57
22.86111111,22.86111111,0.62,9.9981,1008.64
22.7,22.7,0.66,14.5705,0
22.01666667,22.01666667,0.65,12.6546,1008.44
19.92222222,19.92222222,0.74,8.5652,1009.24
17.71111111,17.71111111,0.84,8.4686,1009.72
17.22222222,17.22222222,0.81,5.4096,0
17.25555556,17.25555556,0.84,4.1538,1010.38
16.06666667,16.06666667,0.87,6.5044,1010.12
16.02222222,16.02222222,0.9,3.5259,1010.41
15.09444444,15.09444444,0.82,10.0142,1010.76
13.79444444,13.79444444,0.96,2.3828,1010.49
13.35555556,13.35555556,0.96,9.0321,1010.4
13.91666667,13.91666667,0.95,2.9141,1010.76
13.83888889,13.83888889,0.93,1.771,0
13.88888889,13.88888889,1,8.0178,0
15.2,15.2,0.93,7.7119,1010.71
17.75,17.75,0.84,5.1681,0
21.03888889,21.03888889,0.64,7.4382,1010.88
22.2,22.2,0.59,10.8997,1010.61
22.77777778,22.77777778,0.51,10.6904,1010.68
23.88888889,23.88888889,0.48,8.6457,0
24.81111111,24.81111111,0.45,7.728,1010.25
24.92777778,24.92777778,0.45,9.8693,1009.8
24.92777778,24.92777778,0.42,12.6224,1009.61
24.87222222,24.87222222,0.42,3.0107,1009.49
23.83888889,23.83888889,0.45,8.4686,0
22.17222222,22.17222222,0.55,5.2647,0
18.46111111,18.46111111,0.69,5.1359,1009.86
16.13333333,16.13333333,0.81,3.5259,1010.23
15.55555556,15.55555556,0.84,6.4078,1010.63
15.6,15.6,0.81,6.2951,1010.37
14.07222222,14.07222222,0.85,6.2468,1010.82
14.46111111,14.46111111,0.83,6.3434,1011.02
16.72222222,16.72222222,0.83,13.2342,1011.18
15.48888889,15.48888889,0.79,3.1878,1010.85
13.88888889,13.88888889,0.9,3.3005,0
12.67222222,12.67222222,0.9,3.4776,1011.01
13.83888889,13.83888889,0.9,0.3703,1011.02
15.05,15.05,0.87,7.9373,0
17.71111111,17.71111111,0.79,7.7763,1011.32
21,21,0.63,5.4096,1011.38
22.66666667,22.66666667,0.57,7.9373,1011.39
23.66666667,23.66666667,0.51,4.4275,1011.36
24.93333333,24.93333333,0.45,9.3058,1011.19
24.86111111,24.86111111,0.46,10.5777,1011.21
24.83888889,24.83888889,0.42,7.2933,1011.18
25,25,0.45,0.644,1010.88
26.11111111,26.11111111,0.39,4.3148,0
25.91111111,25.91111111,0.4,4.3309,1010.15
23.88888889,23.88888889,0.48,6.9391,0
21.11111111,21.11111111,0.59,3.22,0
18.24444444,18.24444444,0.72,4.508,1010.72
17.24444444,17.24444444,0.75,0.6118,1010.82
16.17777778,16.17777778,0.81,3.5259,1010.9
17.79444444,17.79444444,0.74,5.5223,1010.76
16.66666667,16.66666667,0.78,3.4615,1010.67
16.18888889,16.18888889,0.81,8.1144,0
13.35,13.35,0.95,4.7978,1007.87
15.55555556,15.55555556,0.93,20.8656,1011.3
15,15,0.93,24.0695,1011.13
14.51666667,14.51666667,0.96,16.2932,1011.26
15,15,0.93,20.7368,0
15,15,0.93,14.6188,0
15,15,0.94,14.5544,1011.02
15.11666667,15.11666667,0.93,12.5258,1011.43
15.11666667,15.11666667,0.93,15.4882,1011.71
16.24444444,16.24444444,0.92,12.2682,1011.77
17.87222222,17.87222222,0.84,9.5795,1011.38
19.05,19.05,0.73,3.0751,1011.07
20.91666667,20.91666667,0.67,4.0572,1010.78
21.06111111,21.06111111,0.63,8.3398,0
21.11111111,21.11111111,0.63,8.6135,0
21.21111111,21.21111111,0.61,8.5008,1009.34
20.07222222,20.07222222,0.67,8.2271,1009.19
17.89444444,17.89444444,0.77,8.1305,1008.91
17.48888889,17.48888889,0.79,5.3291,1008.8
16.16111111,16.16111111,0.86,9.8854,1008.79
16.16111111,16.16111111,0.81,8.3398,0
15.16666667,15.16666667,0.87,6.8747,1008.42
13.87222222,13.87222222,0.93,3.4776,1007.98
12.75555556,12.75555556,0.96,6.2307,1007.77
12,12,0.95,3.2039,1008.45
12.75,12.75,1,4.8783,0
13.35555556,13.35555556,0.96,6.2468,1005.9
13.58333333,13.58333333,0.95,6.0053,1005.48
13.91111111,13.91111111,0.93,7.7924,1004.72
14.95,14.95,0.93,9.8693,0
14.92222222,14.92222222,0.93,9.7727,1005.79
14.90555556,14.90555556,0.93,14.4417,1005.36
13.91111111,13.91111111,0.93,24.5203,1006.15
14.97222222,14.97222222,0.87,15.8907,1006.97
16.16111111,16.16111111,0.8,22.2341,0
17.82777778,17.82777778,0.65,26.4201,0
18.77222222,18.77222222,0.53,27.9013,1007.57
19.9,19.9,0.49,24.3432,0
19.95,19.95,0.45,25.9049,0
19.10555556,19.10555556,0.46,21.3647,1008.12
18.93333333,18.93333333,0.43,20.1572,1008.18
16.22777778,16.22777778,0.58,5.1359,1008.59
14.30555556,14.30555556,0.73,8.3881,1009.18
12.85,12.85,0.89,9.3058,1009.39
12.75555556,12.75555556,0.92,6.3112,1009.47
12.38333333,12.38333333,0.92,7.2128,1009.31
17.13888889,17.13888889,0.87,6.44,1009.64
16.62222222,16.62222222,0.9,6.2951,1010.11
19.36111111,19.36111111,0.9,14.8281,1004.26
16.01666667,16.01666667,0.9,6.4239,1009.6
16.03888889,16.03888889,0.9,2.9624,1009.2
16.12222222,16.12222222,0.93,6.1824,1008.88
17.06111111,17.06111111,0.88,3.0107,1008.6
17.2,17.2,0.87,1.61,1008.32
17.78333333,17.78333333,0.9,3.2361,1008.62
17.85,17.85,0.96,7.5348,1008.67
17.87222222,17.87222222,0.96,7.5992,1008.19
18.08888889,18.08888889,0.94,9.4024,1007.67
19.08333333,19.08333333,0.89,4.4114,1006.8
22.25555556,22.25555556,0.68,11.9945,1006.09
22.68333333,22.68333333,0.67,8.5491,1005.68
24.78888889,24.78888889,0.59,12.1877,1005.02
24.87777778,24.87777778,0.64,14.1197,1004.12
24.88333333,24.88333333,0.64,13.4918,1003.33
24.83333333,24.83333333,0.65,9.4668,1002.93
23.61111111,23.61111111,0.7,10.1752,1002.6
22.12777778,22.12777778,0.82,4.2504,1002.35
19.92777778,19.92777778,0.87,15.3111,1003.04
19.88333333,19.88333333,0.9,10.8836,1003.02
19.92222222,19.92222222,0.93,8.6296,1001.94
11.64444444,11.64444444,0.95,3.3327,1009.1
11.08333333,11.08333333,0.93,2.3989,1009.54
11.32222222,11.32222222,0.89,9.9176,1014.72
12.17222222,12.17222222,0.99,3.4293,0
12.17222222,12.17222222,0.99,3.0751,0
12.69444444,12.69444444,0.92,2.7048,1008.47
12.2,12.2,0.99,10.7709,1008.22
12.22222222,12.22222222,0.92,9.5312,1008.53
12.30555556,12.30555556,0.93,8.8872,1009.56
12.25,12.25,0.93,15.8907,0
12.3,12.3,0.92,10.1591,0
12.73888889,12.73888889,0.9,10.7065,1010.08
12.82777778,12.82777778,0.9,12.9122,1009.68
12.87222222,12.87222222,0.89,16.2127,1010.53
13.76666667,13.76666667,0.9,17.8871,1010.87
13.93888889,13.93888889,0.89,16.5186,0
13.98888889,13.98888889,0.89,15.1501,0
14.91111111,14.91111111,0.84,13.4757,1012.2
15.07222222,15.07222222,0.82,11.4471,1012.52
13.93888889,13.93888889,0.89,11.6886,0
13.08888889,13.08888889,0.89,11.9623,1013.73
12.85,12.85,0.83,12.8639,1014.33
12.3,12.3,0.8,11.914,0
12.71111111,12.71111111,0.85,14.5061,1015.13
12.22222222,12.22222222,0.86,11.5115,1015.16
11.66666667,11.66666667,0.86,14.2485,1015.45
13.46111111,13.46111111,0.78,18.6116,1019.31
11.11666667,11.11666667,0.86,14.5061,1015.71
12.77777778,12.77777778,0.77,25.76,0
11.11111111,11.11111111,0.85,14.6188,1015.96
11.16111111,11.16111111,0.86,12.9927,1016.1
12.71111111,12.71111111,0.77,17.5329,1016.22
12.78888889,12.78888889,0.78,17.3558,1016.5
13.88888889,13.88888889,0.77,18.2252,0
15.94444444,15.94444444,0.68,33.9066,1016.52
15.28333333,15.28333333,0.75,27.7403,1016.96
15.01666667,15.01666667,0.83,23.9246,1017.1
14.99444444,14.99444444,0.83,28.3199,1017.05
14.09444444,14.09444444,0.88,27.7242,1017.4
15.13888889,15.13888889,0.82,30.5256,1017.35
16.16111111,16.16111111,0.77,36.386,1017.18
17.06111111,17.06111111,0.73,27.1768,1017.73
17.22222222,17.22222222,0.72,26.5328,0
16.11111111,16.11111111,0.72,26.4201,0
15,15,0.78,17.1626,1018.92
15,15,0.78,21.2198,0
14.97777778,14.97777778,0.78,17.8871,1019.41
14.33333333,14.33333333,0.78,16.4703,1019.79
19.4,19.4,0.97,10.8192,1000.81
19.42222222,19.42222222,0.93,5.5384,1001.41
15.82777778,15.82777778,0.95,5.5223,1007.96
19.28333333,19.28333333,0.91,3.0268,1002.68
18.79444444,18.79444444,0.94,3.1717,1002.46
17.82222222,17.82222222,0.97,5.8121,1003.36
17.75555556,17.75555556,1,7.4221,1003.74
18.77222222,18.77222222,0.93,2.9946,1003.22
18.76666667,18.76666667,0.93,7.1967,1004.13
17.71111111,17.71111111,1,3.1395,1004.59
17.71111111,17.71111111,0.97,8.4847,1004.91
18.78888889,18.78888889,0.9,8.3237,1004.34
19.79444444,19.79444444,0.87,11.0446,1004.95
19.93333333,19.93333333,0.87,10.9319,1005.32
20.89444444,20.89444444,0.82,8.8711,1005.05
19.93333333,19.93333333,0.86,8.0983,1005.04
18.91666667,18.91666667,0.92,16.583,1005.57
19.02222222,19.02222222,0.92,12.9444,1006.05
18.96111111,18.96111111,0.89,10.7226,1006.58
18.88888889,18.88888889,0.89,7.8407,0
18.81111111,18.81111111,0.9,2.2218,1006.79
17.15555556,17.15555556,0.93,9.499,1007.16
17.59444444,17.59444444,0.93,6.279,1008.3
16.62777778,16.62777778,0.94,3.0751,1008.67
16.46111111,16.46111111,0.97,2.9463,1008.74
15.44444444,15.44444444,0.96,6.279,1009.31
13.65,13.65,0.93,3.542,1011.44
14.36111111,14.36111111,0.96,2.9463,1009.5
13.82777778,13.82777778,0.96,3.2522,1009.51
13.43888889,13.43888889,0.96,3.5903,1009.21
13.82777778,13.82777778,0.99,14.1036,1008.96
14.91111111,14.91111111,0.93,12.7995,1009.43
15.05555556,15.05555556,0.93,3.0912,1009.87
16.13888889,16.13888889,0.87,7.9695,1010.29
16.22777778,16.22777778,0.87,5.0393,1010.37
17.25555556,17.25555556,0.87,10.5455,1010.19
17.41111111,17.41111111,0.86,9.5312,1010.13
17.93888889,17.93888889,0.83,10.9158,1010.3
19.08333333,19.08333333,0.77,9.1609,1010.46
20.16111111,20.16111111,0.72,11.1734,1010.46
22.26666667,22.26666667,0.59,12.4292,1010.27
22.5,22.5,0.55,7.8085,1010.23
21.22777778,21.22777778,0.62,12.6546,1009.81
21.10555556,21.10555556,0.67,7.9373,1009.92
19.05555556,19.05555556,0.73,6.9069,1010.35
17.25,17.25,0.81,4.8783,0
16.16111111,16.16111111,0.86,8.3398,0
15.32777778,15.32777778,0.89,6.3756,1011.69
13.98888889,13.98888889,0.92,9.7405,0
13.93888889,13.93888889,0.93,7.9695,0
15.40555556,15.40555556,0.95,2.8175,1009.59
12.73888889,12.73888889,0.93,2.9624,1011.68
12.73888889,12.73888889,0.93,6.0053,1011.29
12.42222222,12.42222222,0.96,5.9731,1011.4
12.17777778,12.17777778,1,3.059,1011.57
13.91666667,13.91666667,0.93,9.3702,1011.67
17.55555556,17.55555556,0.8,8.6457,1011.78
19.90555556,19.90555556,0.69,12.1877,1011.65
21.01666667,21.01666667,0.64,12.4936,1011.57
22.03888889,22.03888889,0.64,13.1215,1011.59
22.10555556,22.10555556,0.56,14.1036,1011.27
23.74444444,23.74444444,0.55,17.1626,1010.78
24.59444444,24.59444444,0.54,16.0517,1010.6
22.65,22.65,0.54,13.6689,1010.23
23.75,23.75,0.51,10.8031,1010.01
23.77222222,23.77222222,0.5,10.1913,1010.09
22.24444444,22.24444444,0.59,10.5616,1009.97
22.10555556,22.10555556,0.64,4.4275,1009.88
19.19444444,19.19444444,0.76,2.6565,1009.95
17.24444444,17.24444444,0.87,1.4168,1010.18
16.71111111,16.71111111,0.9,3.1073,1010.27
16.76111111,16.76111111,0.9,2.9302,1010.15
15.14444444,15.14444444,0.95,3.1556,1009.8
15.67222222,15.67222222,0.93,6.1985,1009.6
16.18888889,16.18888889,0.96,4.7173,1005.11
16.06666667,16.06666667,0.9,6.2307,1008.58
16.06666667,16.06666667,0.93,5.9248,1008.02
15.7,15.7,0.95,6.1663,1007.9
16.04444444,16.04444444,0.93,3.22,1007.5
17.17777778,17.17777778,0.93,1.6744,1007.01
17.92222222,17.92222222,0.89,4.5724,1007.03
19.88333333,19.88333333,0.74,7.5831,1006.61
20.92777778,20.92777778,0.74,7.6314,1006.43
22.05,22.05,0.65,10.9802,1006.24
22.17222222,22.17222222,0.64,9.338,1006.27
23.66111111,23.66111111,0.59,13.7011,1005.59
22.2,22.2,0.6,14.329,1005.04
21.96666667,21.96666667,0.61,14.8764,1004.61
21.9,21.9,0.61,16.3898,1004.14
20.04444444,20.04444444,0.73,14.9247,1004.31
18.86666667,18.86666667,0.79,13.8138,1004.08
18.86666667,18.86666667,0.81,11.0607,1003.89
17.87222222,17.87222222,0.9,4.991,1004.09
17.22222222,17.22222222,0.93,3.2039,1004.12
17.22222222,17.22222222,0.93,5.2808,1004.22
16.76666667,16.76666667,0.97,3.7352,1004.4
16.68888889,16.68888889,0.97,3.4776,1004.25
17.15,17.15,0.97,10.7548,1004.35
14.93333333,14.93333333,0.96,5.7155,1007.33
16.62222222,16.62222222,0.97,10.8192,1004.15
16.06111111,16.06111111,0.97,10.8514,1003.95
15.67777778,15.67777778,0.96,10.6421,1004.14
16.13333333,16.13333333,0.93,7.7602,1004.13
16.18333333,16.18333333,0.99,9.4185,1004.32
17.19444444,17.19444444,0.94,10.4972,1004.81
17.77777778,17.77777778,0.9,13.9265,1004.94
19.88333333,19.88333333,0.79,13.7977,1005.23
19.93888889,19.93888889,0.79,18.3379,1005.19
22.62222222,22.62222222,0.67,16.8245,1005.35
22.16111111,22.16111111,0.68,17.3558,1005.35
21.12222222,21.12222222,0.78,17.0016,1005.57
22.2,22.2,0.68,20.6885,1005.62
22.75555556,22.75555556,0.66,22.1053,1005.36
22.18888889,22.18888889,0.68,26.0337,1005.78
22.08333333,22.08333333,0.65,22.0409,1006.03
19.97777778,19.97777778,0.73,17.2753,1006.44
18.01666667,18.01666667,0.78,11.8818,1007.01
16.25,16.25,0.87,8.1144,1007.51
15.67222222,15.67222222,0.9,6.44,1007.9
15.74444444,15.74444444,0.9,7.1323,1008.1
15.07222222,15.07222222,0.93,6.3273,1008
15.02777778,15.02777778,0.93,6.4561,1008.2
15.06111111,15.06111111,0.88,6.3595,1010.66
14.53888889,14.53888889,0.93,6.279,1007.92
13.96111111,13.96111111,0.96,6.279,1007.72
13.63888889,13.63888889,0.96,3.5742,1007.74
14.00555556,14.00555556,0.93,4.6851,1008.09
16.11666667,16.11666667,0.93,3.5581,1008.21
17.75555556,17.75555556,0.89,9.5473,1008.83
20.02777778,20.02777778,0.78,11.4793,1009
21.13888889,21.13888889,0.68,9.9176,1008.91
21.99444444,21.99444444,0.69,12.719,1009.23
22.27222222,22.27222222,0.68,12.9927,1009.59
22.85,22.85,0.7,11.4954,1009.51
23.9,23.9,0.61,9.6278,1009.59
24.97777778,24.97777778,0.54,11.5276,1009.21
24.97777778,24.97777778,0.54,17.0821,1009.11
25.95,25.95,0.47,16.0839,1009.23
24.97777778,24.97777778,0.47,17.4041,1009.33
23.88888889,23.88888889,0.5,12.5258,1009.34
21.25555556,21.25555556,0.59,8.1949,1010.07
20.97222222,20.97222222,0.73,2.9946,1010.72
18.8,18.8,0.83,6.0536,1011.22
17.7,17.7,0.91,3.7352,1011.5
6.572222222,5.416666667,0.93,6.44,1038.06
6.627777778,6.627777778,0.93,4.2665,1034.84
6.622222222,5.55,0.96,6.1824,1037.85
6.622222222,5.55,0.93,6.1824,1037.67
6.15,5,0.96,6.1985,1037.47
6.061111111,6.061111111,1,3.0107,1037.23
6.061111111,6.061111111,1,3.4776,1037.23
6.1,6.1,0.94,3.6547,1037.36
6.061111111,6.061111111,1,3.6547,1037.82
7.15,7.15,0.93,3.5742,1037.99
6.227777778,4.427777778,0.99,8.6779,1037.93
7.222222222,5.822222222,0.93,7.728,1037.71
7.755555556,7.755555556,0.89,4.669,1037.1
7.788888889,7.044444444,0.89,5.6672,1036.65
7.755555556,7.755555556,0.89,4.83,1036.2
7.755555556,7.238888889,0.89,4.9427,1035.9
7.322222222,7.322222222,0.92,3.6386,1035.71
7.172222222,6.605555556,0.93,4.8783,1035.69
7.15,7.15,0.93,4.7334,1035.53
7.127777778,5.783333333,0.93,7.4704,1035.61
7.127777778,5.455555556,0.93,8.855,1035.6
6.622222222,5.466666667,0.93,6.44,1035.49
6.627777778,6.627777778,0.93,3.7996,1035.22
6.111111111,4.344444444,0.96,8.4525,1035.18
9.044444444,6.2,0.83,19.8674,1015.83
2.633333333,-0.2944444444,0.95,10.6099,1030.15
8.4,6.6,0.93,10.7387,1017.64
8.355555556,7.566666667,0.96,6.1019,1017.9
8.361111111,6.55,0.96,10.7709,1018.68
7.805555556,7.805555556,0.96,4.7656,1019.5
7.127777778,7.127777778,1,3.6386,1020.03
5.35,5.35,0.93,2.9946,1021.31
6.088888889,6.088888889,0.99,2.9946,1022.4
7.711111111,6.444444444,0.99,7.5187,1022.85
8.805555556,7.066666667,0.92,10.8675,1023.94